id_partido,partido,candidato,seccion,pagina,texto_original
A,Renovación Popular Social,Candidata A,Economía y papel del Estado,1,"Ampliaremos las empresas públicas en sectores estratégicos y destinaremos sus utilidades a inversión productiva y servicios esenciales.
Aplicaremos una reforma tributaria progresiva que aumente la contribución de los ingresos más altos y financie infraestructura regional.
Crearemos un fondo público de crédito con tasas preferenciales para cooperativas y pequeños productores de las regiones.
Fortaleceremos la negociación colectiva y la inspección laboral para asegurar el cumplimiento de los derechos de los trabajadores.
Ejecutaremos obras de infraestructura mediante inversión pública, con supervisión ciudadana y publicación de contratos y avances."
B,Frente Progresista,Candidato B,Economía y papel del Estado,1,"Fortaleceremos la gestión de las empresas públicas estratégicas mediante directorios profesionales, metas de servicio y rendición de cuentas.
Aumentaremos gradualmente la tributación de los ingresos altos y reduciremos la evasión para financiar infraestructura y protección social.
Otorgaremos garantías públicas para créditos a pequeñas empresas que inviertan en tecnología y generen empleo formal.
Ampliaremos la inspección laboral y promoveremos acuerdos de negociación colectiva mediante diálogo entre trabajadores y empleadores.
Combinaremos inversión pública y asociaciones con empresas privadas para cerrar brechas de infraestructura bajo supervisión estatal.
Unificaremos los trámites de formalización de pequeños negocios y mantendremos la protección de los derechos laborales.
Reservaremos una parte de las compras públicas para pequeñas empresas que cumplan estándares de calidad y condiciones laborales formales."
C,Movimiento Democrático,Candidata C,Economía y papel del Estado,1,"Reduciremos la evasión y revisaremos las exoneraciones tributarias para financiar inversión sin comprometer el equilibrio fiscal.
Financiaremos capacitación laboral y reforzaremos la inspección para facilitar el empleo formal con protección de derechos.
Asignaremos las obras de infraestructura a inversión pública o asociaciones privadas según evaluaciones de costo y beneficio social.
Integraremos los trámites de formalización en una plataforma digital con plazos definidos y asistencia a pequeños negocios."
D,Centro Cívico,Candidato D,Economía y papel del Estado,1,"Exigiremos a las empresas públicas metas verificables de eficiencia y servicio, y publicaremos sus resultados financieros.
Mantendremos tasas tributarias estables y ampliaremos la base de contribuyentes mediante la formalización y el control de la evasión.
Facilitaremos el acceso de pequeñas empresas al crédito mediante garantías parciales y evaluación de riesgo por entidades financieras.
Coordinaremos programas de capacitación con empresas e institutos para mejorar el acceso de jóvenes al empleo formal.
Ampliaremos las asociaciones público-privadas para infraestructura con evaluación de costos, contratos transparentes y supervisión del servicio.
Crearemos una ventanilla digital de formalización con trámites unificados y plazos obligatorios de respuesta."
E,Alianza Nacional,Candidata E,Economía y papel del Estado,1,"Reestructuraremos las empresas públicas deficitarias y permitiremos participación privada cuando mejore la eficiencia y la continuidad del servicio.
Mantendremos tasas tributarias estables y ampliaremos la base de contribuyentes mediante la formalización y el control de la evasión.
Facilitaremos el acceso de pequeñas empresas al crédito mediante garantías parciales y evaluación de riesgo por entidades financieras.
Coordinaremos capacitación con empresas e institutos y focalizaremos los apoyos de inserción laboral en trabajadores de bajos ingresos.
Ampliaremos las asociaciones público-privadas para infraestructura con evaluación de costos, contratos transparentes y supervisión del servicio.
Crearemos una ventanilla digital de formalización y eliminaremos autorizaciones duplicadas que no aporten controles esenciales.
Publicaremos los costos y resultados de los programas de apoyo empresarial para cerrar los que no cumplan sus objetivos.
Ampliaremos la conectividad digital de zonas productivas mediante convenios con operadores privados y metas verificables de cobertura."
F,Libertad Republicana,Candidato F,Economía y papel del Estado,1,"Incorporaremos capital privado a empresas públicas con necesidades de inversión mediante procesos competitivos y reglas transparentes.
Simplificaremos el régimen tributario de pequeñas empresas y reduciremos sus costos de cumplimiento sin aumentar el déficit fiscal.
Impulsaremos el financiamiento privado de pequeñas empresas mediante información crediticia y un sistema ágil de garantías mobiliarias.
Adjudicaremos concesiones de infraestructura mediante concursos abiertos con compromisos de inversión y estándares de calidad exigibles.
Eliminaremos permisos redundantes y estableceremos plazos máximos para autorizar nuevas inversiones, manteniendo controles ambientales y de seguridad."
G,Futuro Liberal,Candidata G,Economía y papel del Estado,1,"Transferiremos a operadores privados las empresas estatales que compitan en mercados abiertos mediante subastas transparentes.
Reduciremos gradualmente los impuestos empresariales y compensaremos la menor recaudación con la eliminación de gastos públicos ineficientes.
Ampliaremos la competencia entre entidades financieras y simplificaremos las garantías para facilitar crédito privado a nuevos negocios.
Flexibilizaremos las modalidades de contratación formal manteniendo un piso de derechos laborales y protección frente a la discriminación.
Ampliaremos las concesiones privadas de infraestructura con competencia en la adjudicación y obligaciones de calidad del servicio.
Eliminaremos barreras de entrada y sustituiremos autorizaciones previas de actividades de bajo riesgo por fiscalización posterior.
Reduciremos barreras arancelarias a insumos y bienes de capital para facilitar la modernización de las empresas.
Fortaleceremos la autoridad de competencia para sancionar acuerdos de precios y eliminar privilegios regulatorios.
Simplificaremos los procedimientos de insolvencia para facilitar la reorganización de empresas viables y la salida de las inviables."
H,Mercado y Libertad,Candidato H,Economía y papel del Estado,1,"Privatizaremos las empresas públicas productivas mediante subastas abiertas y destinaremos los ingresos a reducir la deuda pública.
Reduciremos los impuestos a empresas y personas y financiaremos la reducción mediante recortes del gasto público no esencial.
Sustituiremos los programas estatales de crédito empresarial por financiamiento privado en mercados abiertos a nuevos competidores.
Ampliaremos la libertad contractual entre trabajadores y empleadores manteniendo las garantías legales básicas contra abusos.
Transferiremos la construcción y operación de nueva infraestructura a concesionarios privados seleccionados mediante concursos competitivos.
Eliminaremos autorizaciones de entrada para actividades de bajo riesgo y mantendremos fiscalización posterior sobre seguridad y cumplimiento contractual."
