id_partido,partido,candidato,text_raw,texto
A,Renovación Popular Social,Candidata A,"PLAN DE GOBIERNO
Renovación Popular Social
Candidatura: Candidata A
Documento ficticio elaborado exclusivamente para fines pedagógicos.

Diagnóstico y prioridades
Nuestro plan propone crecimiento económico con empleo digno, seguridad ciudadana,
educación pública de calidad, salud universal y lucha contra la corrupción.
Impulsaremos vivienda social, descentralización, protección ambiental y servicios públicos
accesibles en todo el territorio.
Economía y empleo
El desarrollo nacional requiere un Estado activo que garantice derechos sociales, fortalezca
empresas públicas estratégicas y reduzca la desigualdad.
Políticas sociales
Promoveremos inversión pública, reforma tributaria progresiva, negociación colectiva,
protección laboral y mayor participación de trabajadores.
Instituciones y territorio
La inversión privada podrá contribuir al desarrollo cuando respete regulación, derechos
laborales y objetivos nacionales.
","Nuestro plan propone crecimiento económico con empleo digno, seguridad ciudadana, educación pública de calidad, salud universal y lucha contra la corrupción. Impulsaremos vivienda social, descentralización, protección ambiental y servicios públicos accesibles en todo el territorio. El desarrollo nacional requiere un Estado activo que garantice derechos sociales, fortalezca empresas públicas estratégicas y reduzca la desigualdad. Promoveremos inversión pública, reforma tributaria progresiva, negociación colectiva, protección laboral y mayor participación de trabajadores. La inversión privada podrá contribuir al desarrollo cuando respete regulación, derechos laborales y objetivos nacionales."
B,Frente Progresista,Candidato B,"PLAN DE GOBIERNO
Frente Progresista
Candidatura: Candidato B
Documento ficticio elaborado exclusivamente para fines pedagógicos.

Diagnóstico y prioridades
Nuestro plan propone crecimiento económico con empleo digno, seguridad ciudadana,
educación pública de calidad, salud universal y lucha contra la corrupción.
Impulsaremos vivienda social, descentralización, protección ambiental, innovación productiva
y mejores servicios públicos en todo el territorio.
Economía y empleo
El desarrollo nacional requiere combinar inversión privada responsable con un Estado capaz
de garantizar derechos sociales y reducir la desigualdad.
Políticas sociales
Promoveremos inversión pública, reforma tributaria, protección laboral, diálogo social y
programas de empleo.
Instituciones y territorio
La empresa privada debe operar con regulación eficaz y responsabilidad social.
","Nuestro plan propone crecimiento económico con empleo digno, seguridad ciudadana, educación pública de calidad, salud universal y lucha contra la corrupción. Impulsaremos vivienda social, descentralización, protección ambiental, innovación productiva y mejores servicios públicos en todo el territorio. El desarrollo nacional requiere combinar inversión privada responsable con un Estado capaz de garantizar derechos sociales y reducir la desigualdad. Promoveremos inversión pública, reforma tributaria, protección laboral, diálogo social y programas de empleo. La empresa privada debe operar con regulación eficaz y responsabilidad social."
C,Movimiento Democrático,Candidata C,"PLAN DE GOBIERNO
Movimiento Democrático
Candidatura: Candidata C
Documento ficticio elaborado exclusivamente para fines pedagógicos.

Diagnóstico y prioridades
Nuestro plan propone crecimiento económico sostenible, empleo formal, seguridad
ciudadana, educación pública de calidad, acceso universal a salud y lucha contra la
corrupción.
Impulsaremos descentralización, protección ambiental, innovación, vivienda y servicios
públicos de calidad en todo el territorio.
Economía y empleo
El desarrollo nacional requiere inversión privada, políticas sociales efectivas y un Estado
profesional que reduzca desigualdades.
Políticas sociales
Promoveremos responsabilidad fiscal, reforma tributaria gradual, protección laboral, diálogo
democrático e infraestructura.
Instituciones y territorio
La empresa privada y el sector público deben cooperar para elevar productividad e inclusión.
","Nuestro plan propone crecimiento económico sostenible, empleo formal, seguridad ciudadana, educación pública de calidad, acceso universal a salud y lucha contra la corrupción. Impulsaremos descentralización, protección ambiental, innovación, vivienda y servicios públicos de calidad en todo el territorio. El desarrollo nacional requiere inversión privada, políticas sociales efectivas y un Estado profesional que reduzca desigualdades. Promoveremos responsabilidad fiscal, reforma tributaria gradual, protección laboral, diálogo democrático e infraestructura. La empresa privada y el sector público deben cooperar para elevar productividad e inclusión."
D,Centro Cívico,Candidato D,"PLAN DE GOBIERNO
Centro Cívico
Candidatura: Candidato D
Documento ficticio elaborado exclusivamente para fines pedagógicos.

Diagnóstico y prioridades
Nuestro plan propone crecimiento económico sostenible, empleo formal, seguridad
ciudadana, educación de calidad, acceso a salud y lucha contra la corrupción.
Impulsaremos descentralización, protección ambiental, vivienda, digitalización y mejores
servicios públicos en todo el territorio.
Economía y empleo
El desarrollo nacional requiere inversión privada, instituciones sólidas y un Estado eficiente
que garantice oportunidades.
Políticas sociales
Promoveremos estabilidad macroeconómica, responsabilidad fiscal, infraestructura,
innovación, capacitación laboral y diálogo democrático.
Instituciones y territorio
La empresa privada debe competir con reglas claras mientras el Estado regula y provee
servicios esenciales.
","Nuestro plan propone crecimiento económico sostenible, empleo formal, seguridad ciudadana, educación de calidad, acceso a salud y lucha contra la corrupción. Impulsaremos descentralización, protección ambiental, vivienda, digitalización y mejores servicios públicos en todo el territorio. El desarrollo nacional requiere inversión privada, instituciones sólidas y un Estado eficiente que garantice oportunidades. Promoveremos estabilidad macroeconómica, responsabilidad fiscal, infraestructura, innovación, capacitación laboral y diálogo democrático. La empresa privada debe competir con reglas claras mientras el Estado regula y provee servicios esenciales."
E,Alianza Nacional,Candidata E,"PLAN DE GOBIERNO
Alianza Nacional
Candidatura: Candidata E
Documento ficticio elaborado exclusivamente para fines pedagógicos.

Diagnóstico y prioridades
Nuestro plan propone crecimiento económico, empleo formal, seguridad ciudadana,
educación de calidad, acceso a salud y lucha contra la corrupción.
Impulsaremos descentralización, protección ambiental, vivienda, digitalización y servicios
públicos eficientes en todo el territorio.
Economía y empleo
El desarrollo nacional requiere inversión privada, instituciones sólidas y un Estado eficiente.
Políticas sociales
Promoveremos estabilidad macroeconómica, responsabilidad fiscal, infraestructura,
innovación, simplificación administrativa y capacitación laboral.
Instituciones y territorio
La empresa privada debe generar empleo y competir con reglas claras, mientras el Estado
garantiza servicios esenciales y protección social focalizada.
","Nuestro plan propone crecimiento económico, empleo formal, seguridad ciudadana, educación de calidad, acceso a salud y lucha contra la corrupción. Impulsaremos descentralización, protección ambiental, vivienda, digitalización y servicios públicos eficientes en todo el territorio. El desarrollo nacional requiere inversión privada, instituciones sólidas y un Estado eficiente. Promoveremos estabilidad macroeconómica, responsabilidad fiscal, infraestructura, innovación, simplificación administrativa y capacitación laboral. La empresa privada debe generar empleo y competir con reglas claras, mientras el Estado garantiza servicios esenciales y protección social focalizada."
F,Libertad Republicana,Candidato F,"PLAN DE GOBIERNO
Libertad Republicana
Candidatura: Candidato F
Documento ficticio elaborado exclusivamente para fines pedagógicos.

Diagnóstico y prioridades
Nuestro plan propone crecimiento económico, empleo formal, seguridad ciudadana,
educación de calidad, acceso a salud y lucha contra la corrupción.
Impulsaremos descentralización, vivienda, digitalización y servicios públicos eficientes en todo
el territorio.
Economía y empleo
El desarrollo nacional requiere inversión privada, competencia, instituciones sólidas y un
Estado eficiente.
Políticas sociales
Promoveremos estabilidad macroeconómica, responsabilidad fiscal, reducción de trabas,
infraestructura mediante asociaciones público privadas, innovación y capacitación laboral.
Instituciones y territorio
La empresa privada debe ser el principal motor del empleo y la productividad, con regulación
predecible y protección de la propiedad.
","Nuestro plan propone crecimiento económico, empleo formal, seguridad ciudadana, educación de calidad, acceso a salud y lucha contra la corrupción. Impulsaremos descentralización, vivienda, digitalización y servicios públicos eficientes en todo el territorio. El desarrollo nacional requiere inversión privada, competencia, instituciones sólidas y un Estado eficiente. Promoveremos estabilidad macroeconómica, responsabilidad fiscal, reducción de trabas, infraestructura mediante asociaciones público privadas, innovación y capacitación laboral. La empresa privada debe ser el principal motor del empleo y la productividad, con regulación predecible y protección de la propiedad."
G,Futuro Liberal,Candidata G,"PLAN DE GOBIERNO
Futuro Liberal
Candidatura: Candidata G
Documento ficticio elaborado exclusivamente para fines pedagógicos.

Diagnóstico y prioridades
Nuestro plan propone crecimiento económico, empleo formal, seguridad ciudadana,
educación de calidad, acceso a salud y lucha contra la corrupción.
Impulsaremos descentralización, digitalización y servicios públicos eficientes en todo el
territorio.
Economía y empleo
El desarrollo nacional requiere inversión privada, libre competencia, seguridad jurídica y un
Estado limitado pero eficiente.
Políticas sociales
Promoveremos estabilidad macroeconómica, disciplina fiscal, reducción de impuestos,
eliminación de trabas, asociaciones público privadas, innovación y apertura comercial.
Instituciones y territorio
La empresa privada debe liderar la creación de empleo, la inversión y la productividad
mediante reglas estables y protección de la propiedad.
","Nuestro plan propone crecimiento económico, empleo formal, seguridad ciudadana, educación de calidad, acceso a salud y lucha contra la corrupción. Impulsaremos descentralización, digitalización y servicios públicos eficientes en todo el territorio. El desarrollo nacional requiere inversión privada, libre competencia, seguridad jurídica y un Estado limitado pero eficiente. Promoveremos estabilidad macroeconómica, disciplina fiscal, reducción de impuestos, eliminación de trabas, asociaciones público privadas, innovación y apertura comercial. La empresa privada debe liderar la creación de empleo, la inversión y la productividad mediante reglas estables y protección de la propiedad."
H,Mercado y Libertad,Candidato H,"PLAN DE GOBIERNO
Mercado y Libertad
Candidatura: Candidato H
Documento ficticio elaborado exclusivamente para fines pedagógicos.

Diagnóstico y prioridades
Nuestro plan propone crecimiento económico, empleo formal, seguridad ciudadana,
educación de calidad, acceso a salud y lucha contra la corrupción.
Impulsaremos descentralización, digitalización, concesiones y provisión competitiva de
servicios en todo el territorio.
Economía y empleo
El desarrollo nacional requiere libre mercado, inversión privada, competencia, seguridad
jurídica y un Estado limitado.
Políticas sociales
Promoveremos estabilidad macroeconómica, disciplina fiscal, reducción de impuestos,
desregulación, privatización de empresas públicas, apertura comercial y libertad contractual.
Instituciones y territorio
La empresa privada debe liderar la inversión, el empleo y la productividad con fuerte
protección de la propiedad privada.
","Nuestro plan propone crecimiento económico, empleo formal, seguridad ciudadana, educación de calidad, acceso a salud y lucha contra la corrupción. Impulsaremos descentralización, digitalización, concesiones y provisión competitiva de servicios en todo el territorio. El desarrollo nacional requiere libre mercado, inversión privada, competencia, seguridad jurídica y un Estado limitado. Promoveremos estabilidad macroeconómica, disciplina fiscal, reducción de impuestos, desregulación, privatización de empresas públicas, apertura comercial y libertad contractual. La empresa privada debe liderar la inversión, el empleo y la productividad con fuerte protección de la propiedad privada."
